technology,mode,time,throughput_gb_s,tokens
CPU OpenMP-like,2 workers,0.004883300000074087,0.07842012573345691,29145
GPU CUDA,cpu-fallback,0.01768169999922975,0.021657928820004977,29145
