threads_per_block,time,tokens,bytes,throughput_gb_s,mode,speedup,efficiency
64,0.6426000999999815,1649983,15562516,0.02421804167164065,cpu-fallback,1.0,0.015625
128,0.6136318999997457,1649983,15562516,0.025361321665328108,cpu-fallback,1.0472077804303326,0.008181310784611973
256,0.6146073999989312,1649983,15562516,0.025321068376376633,cpu-fallback,1.0455456605323967,0.004084162736454675
512,0.6241444000006595,1649983,15562516,0.02493415946691752,cpu-fallback,1.0295695995979495,0.002010878124214745
