technology,mode,time,throughput_gb_s,tokens
CPU OpenMP-like,4 workers,0.17024640000090585,0.09141171854392924,1649983
GPU CUDA,cuda,0.23126369999954477,0.0672933798085503,1649983
