technology,best_time
OpenMP-like,0.006787899999835645
MPI,0.014635699999416829
