processes,time,speedup,efficiency
1,0.2566443999985495,1.0,1.0
2,0.2332432000002882,1.1003296130315154,0.5501648065157577
4,0.314264099999491,0.8166519815625303,0.20416299539063257
8,0.4692032000002655,0.5469792192346605,0.06837240240433257
