technology,mode,time,throughput_gb_s,tokens
CPU OpenMP-like,4 workers,0.37495320000016363,0.04150522251841886,1649983
GPU CUDA,cpu-fallback,0.6494463999988511,0.023962741190077474,1649983
