threads,time,backend,speedup,efficiency
1,0.1773332999982813,thread,1.0,1.0
2,0.19709269999657408,thread,0.8997456526871048,0.4498728263435524
4,0.18148289999953704,thread,0.9771350358559052,0.2442837589639763
8,0.18001440000080038,thread,0.9851061914907521,0.12313827393634401
