threads,time,speedup,efficiency
1,0.41302360000008775,1.0,1.0
2,0.45782599999984086,0.9021409880614717,0.45107049403073585
4,0.4658976000009716,0.8865115424488695,0.22162788561221738
8,0.49475080000047456,0.8348113838313987,0.10435142297892484
