processes,time,speedup,efficiency
1,0.2753959000001487,1.0,1.0
2,0.21464109999942593,1.2830529660949614,0.6415264830474807
4,0.2822534999995696,0.975704109959907,0.24392602748997674
8,0.5913688000000548,0.4656923057153559,0.05821153821441949
