technology,mode,time,throughput_gb_s,tokens
CPU OpenMP-like,4 workers,0.3584913999984565,0.043411127854300006,1649983
GPU CUDA,cuda,0.2626622000025236,0.05924916489639727,1649983
