processes,time,speedup,efficiency
1,0.21253300000171294,1.0,1.0
2,0.13074860000051558,1.6255088008657443,0.8127544004328722
4,0.11028499999883934,1.927125175717003,0.48178129392925073
8,0.13538189999962924,1.569877509492,0.1962346886865
