threads,time,speedup,efficiency
1,0.4157178000004933,1.0,1.0
2,0.4356318000009196,0.9542870837244106,0.4771435418622053
4,0.4442975000001752,0.9356744073516717,0.23391860183791793
8,0.44344400000045425,0.9374753069160198,0.11718441336450247
