processes,time,speedup,efficiency
1,0.015754800000649993,1.0,1.0
2,0.015182600000116508,1.0376878795811715,0.5188439397905857
4,0.020554900000206544,0.7664741740651466,0.19161854351628665
8,0.027149999999892316,0.580287292843922,0.07253591160549025
