threads,time,speedup,efficiency
1,0.4634114000000409,1.0,1.0
2,0.5141831999990245,0.9012573728603347,0.45062868643016735
4,0.5642953000005946,0.8212214420349639,0.20530536050874099
8,0.5379158000014286,0.861494308214799,0.10768678852684987
