threads,time,speedup,efficiency
1,0.006418099999791593,1.0,1.0
2,0.006189800000356627,1.0368832594626343,0.5184416297313171
4,0.006650499999523163,0.9650552590409394,0.24126381476023484
8,0.006966200000533718,0.9213200883264719,0.11516501104080899
