processes,time,speedup,efficiency
1,0.38558129999910307,1.0,1.0
2,0.29774900000120397,1.2949877245516994,0.6474938622758497
4,0.3095257999993919,1.2457161890862105,0.31142904727155263
8,0.557013999999981,0.6922291001646569,0.08652863752058211
